Google Scholar Reference,Link,Title,In Analysis?,Category
"Rubio-Sanchez, M., Raya, L., Diaz, F. and Sanchez, A., 2015. A comparative study between RadViz and Star Coordinates. IEEE transactions on visualization and computer graphics, 22(1), pp.619-628.",https://ieeexplore.ieee.org/abstract/document/7192699,A comparative study between RadViz and Star Coordinates,No,
"Pena-Araya, V., Pietriga, E. and Bezerianos, A., 2019. A Comparison of Visualizations for Identifying Correlation over Space and Time. IEEE transactions on visualization and computer graphics, 26(1), pp.375-385.",https://ieeexplore.ieee.org/document/8809223,A Comparison of Visualizations for Identifying Correlation Over Time and Space,No,
"Wall, E., Agnihotri, M., Matzen, L., Divis, K., Haass, M., Endert, A. and Stasko, J., 2018. A heuristic approach to value-driven evaluation of visualizations. IEEE transactions on visualization and computer graphics, 25(1), pp.491-500.",https://ieeexplore.ieee.org/abstract/document/8454343,A Heuristic Approach to Value-Driven Evaluation of Visualizations,No,
"Setlur, V. and Stone, M.C., 2015. A linguistic approach to categorical color assignment for data visualization. IEEE transactions on visualization and computer graphics, 22(1), pp.698-707.",https://ieeexplore.ieee.org/abstract/document/7192709,A Linguistic Approach to Categorical Color Assignment for Data Visualization,No,
"Kanjanabose, R., Abdul‐Rahman, A. and Chen, M., 2015, June. A multi‐task comparative study on scatter plots and parallel coordinates plots. In Computer Graphics Forum (Vol. 34, No. 3, pp. 261-270).",https://onlinelibrary.wiley.com/doi/full/10.1111/cgf.12638,A Multi-task Comparative Study on Scatter Plots and Parallel Coordinates Plots,Yes,Experiment
"Jansen, Y. and Hornbæk, K., 2015. A psychophysical investigation of size as a physical variable. IEEE transactions on visualization and computer graphics, 22(1), pp.479-488.",https://ieeexplore.ieee.org/abstract/document/7194845,A Psychophysical Investigation of Size as a Physical Variable,No,
"Hoang, D., Klacansky, P., Bhatia, H., Bremer, P.T., Lindstrom, P. and Pascucci, V., 2018. A Study of the Trade-off Between Reducing Precision and Reducing Resolution for Data Analysis and Visualization. IEEE transactions on visualization and computer graphics, 25(1), pp.1193-1203.",https://ieeexplore.ieee.org/abstract/document/8440822,A Study of the Trade-off between Reduced Precision and Resolution for Scientific Data Analysis and Visualization,No,
"Fuchs, J., Isenberg, P., Bezerianos, A. and Keim, D., 2016. A systematic review of experimental studies on data glyphs. IEEE transactions on visualization and computer graphics, 23(7), pp.1863-1879.",https://ieeexplore.ieee.org/abstract/document/7445239,A Systematic Review of Experimental Studies on Data Glyphs,No,
"Bartram, L., Patra, A. and Stone, M., 2017, May. Affective color in visualization. In Proceedings of the 2017 CHI conference on human factors in computing systems (pp. 1364-1374).",https://dl.acm.org/doi/abs/10.1145/3025453.3026041,Affective Color in Visualization,No,
"Kosara, R., 2016, October. An empire built on sand: Reexamining what we think we know about visualization. In Proceedings of the sixth workshop on beyond time and errors on novel evaluation methods for visualization (pp. 162-168).",https://dl.acm.org/doi/abs/10.1145/2993901.2993909,An Empire Built On Sand,No,
"Sher, V., Bemis, K.G., Liccardi, I. and Chen, M., 2017, June. An empirical study on the reliability of perceiving correlation indices using scatterplots. In Computer Graphics Forum (Vol. 36, No. 3, pp. 61-72).",https://onlinelibrary.wiley.com/doi/full/10.1111/cgf.13168,An Empirical Study on the Reliability of Perceiving Correlation Indices using Scatterplots,Yes,Experiment
"Borgo, R., Abdul-Rahman, A., Mohamed, F., Grant, P.W., Reppa, I., Floridi, L. and Chen, M., 2012. An empirical study on using visual embellishments in visualization. IEEE Transactions on Visualization and Computer Graphics, 18(12), pp.2759-2768.",https://ieeexplore.ieee.org/abstract/document/6327282,An Empirical Study on Using Visual Embellishments in Visualization,Yes,Experiment
"Skau, D., Harrison, L. and Kosara, R., 2015, June. An evaluation of the impact of visual embellishments in bar charts. In Computer Graphics Forum (Vol. 34, No. 3, pp. 221-230).",https://onlinelibrary.wiley.com/doi/full/10.1111/cgf.12634,An Evaluation of the Impact of Visual Embellishments in Bar Charts,Yes,Experiment
"Tversky, B., Morrison, J.B. and Betrancourt, M., 2002. Animation: can it facilitate?. International journal of human-computer studies, 57(4), pp.247-262.",https://www.sciencedirect.com/science/article/abs/pii/S1071581902910177,Animation: can it facilitate? ,No,
"Skau, D. and Kosara, R., 2016, June. Arcs, angles, or areas: Individual data encodings in pie and donut charts. In Computer Graphics Forum (Vol. 35, No. 3, pp. 121-130).",https://onlinelibrary.wiley.com/doi/full/10.1111/cgf.12888,"Arcs, Angles, or Areas: Individual Data Encodings in Pie and Donut Charts",No,
"Kim, Y. and Heer, J., 2018, June. Assessing effects of task and data distribution on the effectiveness of visual encodings. In Computer Graphics Forum (Vol. 37, No. 3, pp. 157-167).",https://onlinelibrary.wiley.com/doi/full/10.1111/cgf.13409,Assessing Effects of Task and Data Distribution on the Effectiveness of Visual Encodings,Yes,Experiment
"Perin, C., Wun, T., Pusch, R. and Carpendale, S., 2017. Assessing the graphical perception of time and speed on 2d+ time trajectories. IEEE transactions on visualization and computer graphics, 24(1), pp.698-708.",https://ieeexplore.ieee.org/abstract/document/8017638,Assessing the Graphical Perception of Time and Speed on 2D + Time Trajectories,Yes,Experiment
"Ryan, G., Mosca, A., Chang, R. and Wu, E., 2018. At a glance: Pixel approximate entropy as a measure of line chart complexity. IEEE transactions on visualization and computer graphics, 25(1), pp.872-881.",https://ieeexplore.ieee.org/abstract/document/8440849,At a Glance: Approximate Entropy as a Measure of Line Chart Visualization Complexity,Yes,Hybrid
"Mackinlay, J., 1986. Automating the design of graphical presentations of relational information. Acm Transactions On Graphics (Tog), 5(2), pp.110-141.",https://dl.acm.org/doi/abs/10.1145/22949.22950,Automating the Design of Graphical Presentations of Relational Information,Yes,Theory
"Shah, P. and Freedman, E.G., 2011. Bar and line graph comprehension: An interaction of top‐down and bottom‐up processes. Topics in cognitive science, 3(3), pp.560-578.",https://onlinelibrary.wiley.com/doi/full/10.1111/j.1756-8765.2009.01066.x,Bar and Line Graph Comprehension: An Interaction of Top-Down and Bottom-Up Processes,No,
"Li, G., Zhang, Y., Dong, Y., Liang, J., Zhang, J., Wang, J., McGuffin, M.J. and Yuan, X., 2019. BarcodeTree: Scalable comparison of multiple hierarchies. IEEE transactions on visualization and computer graphics, 26(1), pp.1022-1032.",https://ieeexplore.ieee.org/abstract/document/8845772,BarcodeTree: Scalable Comparison of Multiple Hierarchies,No,
"Zacks, J. and Tversky, B., 1999. Bars and lines: A study of graphic communication. Memory & cognition, 27(6), pp.1073-1079.",https://link.springer.com/article/10.3758/BF03201236,Bars and lines: A study of graphic communication,No,
"Aigner, W., Kainz, C., Ma, R. and Miksch, S., 2011, March. Bertin was right: An empirical evaluation of indexing to compare multivariate time‐series data using line plots. In Computer Graphics Forum (Vol. 30, No. 1, pp. 215-228). Oxford, UK: Blackwell Publishing Ltd.",https://onlinelibrary.wiley.com/doi/full/10.1111/j.1467-8659.2010.01845.x,Bertin was Right: An Empirical Evaluation of Indexing to Compare Multivariate Time-Series Data Using Line Plots,Yes,Experiment
"Kay, M. and Heer, J., 2015. Beyond weber's law: A second look at ranking visualizations of correlation. IEEE transactions on visualization and computer graphics, 22(1), pp.469-478.",https://ieeexplore.ieee.org/abstract/document/7192661,Beyond Weber's Law: A Second Look at Ranking Visualizations of Correlation,No,
"Xiong, C., Ceja, C.R., Ludwig, C.J. and Franconeri, S., 2019. Biased Average Position Estimates in Line and Bar Graphs: Underestimation, Overestimation, and Perceptual Pull. IEEE Transactions on Visualization and Computer Graphics, 26(1), pp.301-310.",https://ieeexplore.ieee.org/abstract/document/8805427,"Biased Average Position Estimates in Line and Bar Graphs: Underestimation, Overestimation, and Perceptual Pull",Yes,Experiment
"Fang, H., Walton, S., Delahaye, E., Harris, J., Storchak, D.A. and Chen, M., 2016. Categorical colormap optimization with visualization case studies. IEEE transactions on visualization and computer graphics, 23(1), pp.871-880.",https://ieeexplore.ieee.org/abstract/document/7539556,Categorical Colormap Optimization with Visualization Case Studies,Yes,Theory
"Battle, L. and Heer, J., 2019, June. Characterizing exploratory visual analysis: A literature review and evaluation of analytic provenance in tableau. In Computer Graphics Forum (Vol. 38, No. 3, pp. 145-159).",https://onlinelibrary.wiley.com/doi/abs/10.1111/cgf.13678?casa_token=_kDlfmJi0WUAAAAA:SIe2t9CQQfOLKI9Fl8cc12QGx6H0-o_azL7HJE-bGHz7CNq4sOSkR6_KR8TcUYbZzk1EnUK13g_5vq7v,Characterizing Exploratory Visual Analysis: A Literature Review and Evaluation of Analytic Provenance in Tableau,No,
"Healey, C.G., 1996, October. Choosing effective colours for data visualization. In Proceedings of Seventh Annual IEEE Visualization'96 (pp. 263-270). IEEE.",https://ieeexplore.ieee.org/abstract/document/568118/,Choosing effective colours for data visualization,Yes,Experiment
"Abbas, M.M., Aupetit, M., Sedlmair, M. and Bensmail, H., 2019, June. Clustme: A visual quality measure for ranking monochrome scatterplots based on cluster patterns. In Computer Graphics Forum (Vol. 38, No. 3, pp. 225-236).",https://onlinelibrary.wiley.com/doi/abs/10.1111/cgf.13684?casa_token=fH09zk9jBL0AAAAA:t51jqXbPZVRYFnBIa114mu9lYX7GyApCGDogznL2ngnQz9NkiRMwJTxehPQgcTmyQyFIoV-OfHFvVJ-e,ClustMe: A Visual Quality Measure for Ranking Monochrome Scatterplots based on Cluster Patterns,Yes,Hybrid
"Ware, C., 1988. Color sequences for univariate maps: Theory, experiments and principles. IEEE Computer Graphics and Applications, 8(5), pp.41-49.",https://ieeexplore.ieee.org/abstract/document/7760/,"Color sequences for univariate maps: Theory, experiments and principles",No,
"Gramazio, C.C., Laidlaw, D.H. and Schloss, K.B., 2016. Colorgorical: Creating discriminable and preferable color palettes for information visualization. IEEE transactions on visualization and computer graphics, 23(1), pp.521-530.",https://ieeexplore.ieee.org/abstract/document/7539386/,Colorgorical: Creating discriminable and preferable color palettes for information visualization,No,
"Cheng, S., Xu, W. and Mueller, K., 2018. Colormap nd: A data-driven approach and tool for mapping multivariate data to color. IEEE transactions on visualization and computer graphics, 25(2), pp.1361-1377.",https://ieeexplore.ieee.org/abstract/document/8302605/,ColorMapND: A Data-Driven Approach and Tool for Mapping Multivariate Data to Color,Yes,Hybrid
"Correll, M., Albers, D., Franconeri, S. and Gleicher, M., 2012, May. Comparing averages in time series data. In Proceedings of the SIGCHI Conference on Human Factors in Computing Systems (pp. 1095-1104).",https://dl.acm.org/doi/abs/10.1145/2207676.2208556,Comparing averages in time series data,Yes,Experiment
"Gogolou, A., Tsandilas, T., Palpanas, T. and Bezerianos, A., 2018. Comparing similarity perception in time series visualizations. IEEE transactions on visualization and computer graphics, 25(1), pp.523-533.",https://ieeexplore.ieee.org/abstract/document/8440826/,Comparing Similarity Perception in Time Series Visualizations,Yes,Experiment
"Waldner, M., Diehl, A., Gračanin, D., Splechtna, R., Delrieux, C. and Matković, K., 2019. A Comparison of Radial and Linear Charts for Visualizing Daily Patterns. IEEE transactions on visualization and computer graphics, 26(1), pp.1033-1042.",https://ieeexplore.ieee.org/abstract/document/8807238/,Comparison of Radial and Linear charts for Visualizing Daily Patterns,Yes,Experiment
"Meyer, J., Taieb, M. and Flascher, I., 1997. Correlation estimates as perceptual judgments. Journal of Experimental Psychology: Applied, 3(1), p.3.",https://psycnet.apa.org/journals/xap/3/1/3/,Correlation estimates as perceptual judgments,Yes,Experiment
"Yang, F., Harrison, L.T., Rensink, R.A., Franconeri, S.L. and Chang, R., 2018. Correlation judgment and visualization features: A comparative study. IEEE Transactions on Visualization and Computer Graphics, 25(3), pp.1474-1488.",https://ieeexplore.ieee.org/abstract/document/8305493/,Correlation Judgment and Visualization Features: A Comparative Study,Yes,Theory
"Heer, J. and Bostock, M., 2010, April. Crowdsourcing graphical perception: using mechanical turk to assess visualization design. In Proceedings of the SIGCHI conference on human factors in computing systems (pp. 203-212).",https://dl.acm.org/doi/abs/10.1145/1753326.1753357,Crowdsourcing Graphical Perception: Using Mechanical Turk to Assess Visualization Design,Yes,Experiment
"Sedlmair, M. and Aupetit, M., 2015, June. Data‐driven evaluation of visual quality measures. In Computer Graphics Forum (Vol. 34, No. 3, pp. 201-210).",https://onlinelibrary.wiley.com/doi/abs/10.1111/cgf.12632?casa_token=2YYN7lrRHA4AAAAA:_OIkruQY3ozVvMHsaUt7LP9f_zBrBbtAO8in49BMncKH4SgPS6r3PMiUnriDwgazTt4MbGzEuJt0bwnw,Data-driven Evaluation of Visual Quality Measures,Yes,Theory
"Kim, N.W., Schweickart, E., Liu, Z., Dontcheva, M., Li, W., Popovic, J. and Pfister, H., 2016. Data-driven guides: Supporting expressive design for information graphics. IEEE transactions on visualization and computer graphics, 23(1), pp.491-500.",https://ieeexplore.ieee.org/abstract/document/7536218/,Data-Driven Guides: Supporting Expressive Design for Information Graphics,No,
"Jo, J. and Seo, J., 2019, October. Disentangled Representation of Data Distributions in Scatterplots. In 2019 IEEE Visualization Conference (VIS) (pp. 136-140). IEEE.",https://ieeexplore.ieee.org/abstract/document/8933670/,Disentangled Representation of Data Distributions in Scatterplots,Yes,Theory
"Kosara, R. and Ziemkiewicz, C., 2010, April. Do Mechanical Turks dream of square pie charts?. In Proceedings of the 3rd BELIV'10 Workshop: Beyond time and errors: Novel evaluation methods for information visualization (pp. 63-70).",https://dl.acm.org/doi/abs/10.1145/2110192.2110202,Do Mechanical Turks dream of square pie charts?,No,
"Matejka, J., Anderson, F. and Fitzmaurice, G., 2015, April. Dynamic opacity optimization for scatter plots. In Proceedings of the 33rd Annual ACM Conference on Human Factors in Computing Systems (pp. 2707-2710).",https://dl.acm.org/doi/abs/10.1145/2702123.2702585,Dynamic Opacity Optimization for Scatter Plots,No,
"Weissenbock, J., Frohler, B., Groller, E., Kastner, J. and Heinzl, C., 2018. Dynamic volume lines: Visual comparison of 3d volumes through space-filling curves. IEEE transactions on visualization and computer graphics, 25(1), pp.1040-1049.",https://ieeexplore.ieee.org/abstract/document/8440038/,Dynamic Volume Lines: Visual Comparison of 3D Volumes through Space-filling Curves,No,
"Meyer, J. and Shinar, D., 1992. Estimating correlations from scatterplots. Human Factors, 34(3), pp.335-349.",https://journals.sagepub.com/doi/abs/10.1177/001872089203400307,Estimating Correlations from Scatterplots,Yes,Experiment
"Haehn, D., Tompkin, J. and Pfister, H., 2018. Evaluating ""Graphical Perception"" with CNNs. IEEE transactions on visualization and computer graphics, 25(1), pp.641-650.",https://ieeexplore.ieee.org/abstract/document/8440806/,"Evaluating ""Graphical Perception"" with CNNs",No,
"Nusrat, S., Alam, M.J. and Kobourov, S., 2018. Evaluating cartogram effectiveness. IEEE Transactions on Visualization and Computer Graphics, 24(2), pp.1077-1090.",https://ieeexplore.ieee.org/abstract/document/7792176/,Evaluating Cartogram Effectiveness,Yes,Experiment
"Reda, K. and Papka, M.E., 2019, October. Evaluating Gradient Perception in Color-Coded Scalar Fields. In 2019 IEEE Visualization Conference (VIS) (pp. 271-275). IEEE.",https://ieeexplore.ieee.org/abstract/document/8933760/,Evaluating Gradient Perception in Color-coded Scalar Fields,Yes,Experiment
"Saket, B., Srinivasan, A., Ragan, E.D. and Endert, A., 2017. Evaluating interactive graphical encodings for data visualization. IEEE transactions on visualization and computer graphics, 24(3), pp.1316-1330.",https://ieeexplore.ieee.org/abstract/document/7875127/,Evaluating Interactive Graphical Encodings for Data Visualization,No,
"Wei, Y., Mei, H., Zhao, Y., Zhou, S., Lin, B., Jiang, H. and Chen, W., 2019. Evaluating Perceptual Bias During Geometric Scaling of Scatterplots. IEEE transactions on visualization and computer graphics, 26(1), pp.321-331.",https://ieeexplore.ieee.org/abstract/document/8794768/,Evaluating Perceptual Bias During Geometric Scaling of Scatterplots,No,
"Raj, M., Mirzargar, M., Preston, J.S., Kirby, R.M. and Whitaker, R.T., 2015. Evaluating shape alignment via ensemble visualization. IEEE computer graphics and applications, 36(3), pp.60-71.",https://ieeexplore.ieee.org/abstract/document/7155419/,Evaluating Shape Alignment via Ensemble Visualization,No,
"Padilla, L., Quinan, P.S., Meyer, M. and Creem-Regehr, S.H., 2016. Evaluating the impact of binning 2d scalar fields. IEEE transactions on visualization and computer graphics, 23(1), pp.431-440.",https://ieeexplore.ieee.org/abstract/document/7539585/,Evaluating the Impact of Binning 2D Scalar Fields,No,
"Qu, Z. and Hullman, J., 2016, October. Evaluating visualization sets: Trade-offs between local effectiveness and global consistency. In Proceedings of the Sixth Workshop on Beyond Time and Errors on Novel Evaluation Methods for Visualization (pp. 44-52).",https://dl.acm.org/doi/abs/10.1145/2993901.2993910,Evaluating Visualization Sets: Trade-offs Between Local Effectiveness and Global Consistency,No,
"Johansson, J. and Forsell, C., 2015. Evaluation of parallel coordinates: Overview, categorization and guidelines for future research. IEEE Transactions on Visualization and Computer Graphics, 22(1), pp.579-588.",https://ieeexplore.ieee.org/abstract/document/7192677/,"Evaluation of Parallel Coordinates: Overview, Categorization and Guidelines for Future Research",No,
"Ondov, B., Jardine, N., Elmqvist, N. and Franconeri, S., 2018. Face to face: Evaluating visual comparison. IEEE transactions on visualization and computer graphics, 25(1), pp.861-871.",https://ieeexplore.ieee.org/abstract/document/8440856/,Face to Face: Evaluating Visual Comparison,No,
"Moritz, D., Wang, C., Nelson, G.L., Lin, H., Smith, A.M., Howe, B. and Heer, J., 2018. Formalizing visualization design knowledge as constraints: Actionable and extensible models in draco. IEEE transactions on visualization and computer graphics, 25(1), pp.438-448.",https://ieeexplore.ieee.org/abstract/document/8440847/,Formalizing Visualization Design Knowledge as Constraints: Actionable and Extensible Models in Draco,No,
"Talbot, J., Setlur, V. and Anand, A., 2014. Four experiments on the perception of bar charts. IEEE transactions on visualization and computer graphics, 20(12), pp.2152-2160.",https://ieeexplore.ieee.org/abstract/document/6876021/,Four Experiments on the Perception of Bar Charts,Yes,Experiment
"Szafir, D.A., Haroz, S., Gleicher, M. and Franconeri, S., 2016. Four types of ensemble coding in data visualizations. Journal of vision, 16(5), pp.11-11.",https://iovs.arvojournals.org/article.aspx?articleid=2504104,Four types of ensemble coding in data visualizations,Yes,Theory
"Yoghourdjian, V., Dwyer, T., Klein, K., Marriott, K. and Wybrow, M., 2018. Graph thumbnails: Identifying and comparing multiple graphs at a glance. IEEE Transactions on Visualization and Computer Graphics, 24(12), pp.3081-3095.",https://ieeexplore.ieee.org/abstract/document/8249874/,Graph Thumbnails: Identifying and Comparing Multiple Graphs at a Glance,No,
"Croxton, F.E. and Stein, H., 1932. Graphic comparisons by bars, squares, circles, and cubes. Journal of the American Statistical Association, 27(177), pp.54-60.",https://amstat.tandfonline.com/doi/pdf/10.1080/01621459.1932.10503227,"Graphic Comparisons by Bars, Squares, Circles, and Cubes",No,
"Reda, K., Nalawade, P. and Ansah-Koi, K., 2018, April. Graphical perception of continuous quantitative maps: the effects of spatial frequency and colormap design. In Proceedings of the 2018 CHI Conference on Human Factors in Computing Systems (pp. 1-12).",https://dl.acm.org/doi/abs/10.1145/3173574.3173846,Graphical Perception of Continuous Quantitative Maps: the Effects of Spatial Frequency and Colormap Design,Yes,Experiment
"Javed, W., McDonnel, B. and Elmqvist, N., 2010. Graphical perception of multiple time series. IEEE transactions on visualization and computer graphics, 16(6), pp.927-934.",https://ieeexplore.ieee.org/abstract/document/5613429/,Graphical perception of multiple time series,No,
"Cleveland, W.S. and McGill, R., 1984. Graphical perception: Theory, experimentation, and application to the development of graphical methods. Journal of the American statistical association, 79(387), pp.531-554.",https://amstat.tandfonline.com/doi/abs/10.1080/01621459.1984.10478080,"Graphical Perception: Theory, Experimentation, and Application to the Development of Graphical Methods",Yes,Hybrid
"Wilkinson, L., Anand, A. and Grossman, R., 2005, October. Graph-theoretic scagnostics. In IEEE Symposium on Information Visualization, 2005. INFOVIS 2005. (pp. 157-164). IEEE.",http://papers.rgrossman.com/proc-094.pdf,Graph-Theoretic Scagnostics,Yes,Theory
"Chung, D. H., Archambault, D., Borgo, R., Edwards, D. J., Laramee, R. S., & Chen, M. (2016, June). How ordered is it? on the perceptual orderability of visual channels. In Computer Graphics Forum (Vol. 35, No. 3, pp. 131-140).",https://amstat.tandfonline.com/doi/abs/10.1080/01621459.1984.10478080,How Ordered Is It? On the Perceptual Orderability of Visual Channels,Yes,Experiment
"Huang, W. and Eades, P., 2005, January. How people read graphs. In proceedings of the 2005 Asia-Pacific symposium on Information visualisation-Volume 45 (pp. 51-58). Australian Computer Society, Inc..",https://pdfs.semanticscholar.org/0c6d/ac814a29b007131642814ccc99107db5bbbc.pdf,How People Read Graphs,No,
"Dengler, E. and Cowan, W., 1998, August. Human perception of laid-out graphs. In International Symposium on Graph Drawing (pp. 441-443). Springer, Berlin, Heidelberg.",https://link.springer.com/chapter/10.1007/3-540-37623-2_37,Human Perception of Laid-Out Graphs,No,
"Wang, Y., Wang, Z., Liu, T., Correll, M., Cheng, Z., Deussen, O. and Sedlmair, M., 2019. Improving the Robustness of Scagnostics. IEEE transactions on visualization and computer graphics, 26(1), pp.759-769.",https://ieeexplore.ieee.org/abstract/document/8807247/,Improving the Robustness of Scagnostics,Yes,Hybrid
"Romat, H., Lebout, D., Pietriga, E. and Appert, C., 2019, September. Influence of color and size of particles on their perceived speed in node-link diagrams. In IFIP Conference on Human-Computer Interaction (pp. 619-637). Springer, Cham.",https://link.springer.com/chapter/10.1007/978-3-030-29384-0_37,Influence of Color and Size of Particles on Their Perceived Speed in Node-Link Diagrams,No,
"Borgo, R., Micallef, L., Bach, B., McGee, F. and Lee, B., 2018, June. Information visualization evaluation using crowdsourcing. In Computer Graphics Forum (Vol. 37, No. 3, pp. 573-595).",https://onlinelibrary.wiley.com/doi/abs/10.1111/cgf.13444?casa_token=uoGRiCutKsIAAAAA:gx0QR3sWj9V56bkGWMO0QB0Js7SBnxnc21F4fsXMe7MlMXgF0Ea6YlkBGLwHa-ymoLgPoh3MCbwL_sJg,Information Visualization Evaluation Using Crowdsourcing,No,
"Woodburn, L., Yang, Y. and Marriott, K., 2019, October. Interactive Visualisation of Hierarchical Quantitative Data: An Evaluation. In 2019 IEEE Visualization Conference (VIS) (pp. 96-100). IEEE.",https://ieeexplore.ieee.org/abstract/document/8933545/,Interactive Visualisation of Hierarchical Quantitative Data: an Evaluation,No,
"Kong, H.K., Liu, Z. and Karahalios, K., 2017, June. Internal and external visual cue preferences for visualizations in presentations. In Computer Graphics Forum (Vol. 36, No. 3, pp. 515-525).",https://onlinelibrary.wiley.com/doi/abs/10.1111/cgf.13207?casa_token=9Iw0Fivah-MAAAAA:exdFV1Cwkj25oHTXqoVGlEeR1iOzXb92O-HklPTPBa0W2wEMJEOCxOn81Py8Yvm-icN6Y916-tl29nAm,Internal and External Visual Cue Preferences for Visualizations in Presentations,No,
"Baumer, E.P., Snyder, J. and Gay, G.K., 2018. Interpretive Impacts of Text Visualization: Mitigating Political Framing Effects. ACM Transactions on Computer-Human Interaction (TOCHI), 25(4), pp.1-26.",https://dl.acm.org/doi/abs/10.1145/3214353,Interpretive Impacts of Text Visualization: Mitigating Political Framing Effects,No,
"Haroz, S., Kosara, R. and Franconeri, S.L., 2015, April. Isotype visualization: Working memory, performance, and engagement with pictographs. In Proceedings of the 33rd annual ACM conference on human factors in computing systems (pp. 1191-1200).",https://dl.acm.org/doi/abs/10.1145/2702123.2702275,"Isotype visualization: Working memory, performance, and engagement with pictographs",Yes,Experiment
"Li, J., Martens, J.B. and Van Wijk, J.J., 2010. Judging correlation from scatterplots and parallel coordinate plots. Information Visualization, 9(1), pp.13-30.",https://journals.sagepub.com/doi/abs/10.1057/ivs.2008.13?casa_token=cc_hyJksCVoAAAAA:PBwfH_uacUV7vRlgZ85rmO60wuqGw-v1ro1XDVdmsD-80enaXvRag10_Lt-C2mcfv4PN96sEWVyFQA,Judging correlation from scatterplots and parallel coordinate plots,Yes,Experiment
"Bertini, E., Elmqvist, N. and Wischgoll, T., 2016. Judgment error in pie chart variations. In Proceedings of the Eurographics/IEEE VGTC conference on visualization: Short papers (pp. 91-95).",https://diglib.eg.org/bitstream/handle/10.2312/eurovisshort20161167/091-095.pdf?sequence=1&isAllowed=y,Judgment Error in Pie Chart Variations,No,
"Cleveland, W.S., Harris, C.S. and McGill, R., 1982. Judgments of circle sizes on statistical maps. Journal of the American Statistical Association, 77(379), pp.541-547.",https://www.tandfonline.com/doi/abs/10.1080/01621459.1982.10477844,Judgments of Circle Sizes on Statistical Maps ,No,
"Demiralp, C., Bernstein, M.S. and Heer, J., 2014. Learning perceptual kernels for visualization design. IEEE transactions on visualization and computer graphics, 20(12), pp.1933-1942.",https://ieeexplore.ieee.org/abstract/document/6875950,Learning Perceptual Kernels for Visualization Design,Yes,Experiment
"Wang, Y., Han, F., Zhu, L., Deussen, O. and Chen, B., 2017. Line graph or scatter plot? automatic selection of methods for visualizing trends in time series. IEEE transactions on visualization and computer graphics, 24(2), pp.1141-1154.",https://ieeexplore.ieee.org/abstract/document/7817898/,Line Graph or Scatter Plot? Automatic Selection of Methods for Visualizing Trends in Time Series,Yes,Hybrid
"Beecham, R., Dykes, J., Meulemans, W., Slingsby, A., Turkay, C. and Wood, J., 2016. Map lineups: effects of spatial structure on graphical inference. IEEE transactions on visualization and computer graphics, 23(1), pp.391-400.",https://ieeexplore.ieee.org/abstract/document/7539286/,Map LineUps: effects of spatial structure on graphical inference,No,
"Saket, B., Scheidegger, C., Kobourov, S.G. and Borner, K., 2015, June. Map‐based visualizations increase recall accuracy of data. In Computer Graphics Forum (Vol. 34, No. 3, pp. 441-450).",https://onlinelibrary.wiley.com/doi/abs/10.1111/cgf.12656?casa_token=zwJVTKzGhx8AAAAA:r5YDm6tYwMl_f2EWDTiJK_DkgK3zOpreoh4cZpJr1NS8xe2-Mgoc90Gm9hqWT03xwOibXzUxXO24LzOu,Map-based Visualizations Increase Recall Accuracy of Data,No,
"Schloss, K.B., Gramazio, C.C., Silverman, A.T., Parker, M.L. and Wang, A.S., 2018. Mapping color to meaning in colormap data visualizations. IEEE transactions on visualization and computer graphics, 25(1), pp.810-819.",https://ieeexplore.ieee.org/abstract/document/8454346/,Mapping Color to Meaning in Colormap Data Visualizations,Yes,Experiment
"Zhao, J., Liu, Z., Dontcheva, M., Hertzmann, A. and Wilson, A., 2015, April. Matrixwave: Visual comparison of event sequence data. In Proceedings of the 33rd Annual ACM Conference on Human Factors in Computing Systems (pp. 259-268).",https://dl.acm.org/doi/abs/10.1145/2702123.2702419,MatrixWave: Visual Comparison of Event Sequence Data,No,
"Nothelfer, C. and Franconeri, S., 2019. Measures of the benefit of direct encoding of data deltas for data pair relation perception. IEEE transactions on visualization and computer graphics, 26(1), pp.311-320.",https://ieeexplore.ieee.org/abstract/document/8836120/,Measures of the benefit of direct encoding of data deltas for data pair relation perception,No,
"Smart, S. and Szafir, D.A., 2019, May. Measuring the separability of shape, size, and color in scatterplots. In Proceedings of the 2019 CHI Conference on Human Factors in Computing Systems (pp. 1-14).",https://dl.acm.org/doi/abs/10.1145/3290605.3300899,"Measuring the Separability of Shape, Size, and Color in Scatterplots",Yes,Experiment
"Szafir, D.A., 2017. Modeling color difference for visualization design. IEEE transactions on visualization and computer graphics, 24(1), pp.392-401.",https://ieeexplore.ieee.org/abstract/document/8017604/,Modeling Color Difference for Visualization Design,Yes,Experiment
"Zhao, M., Qu, H. and Sedlmair, M., 2019, May. Neighborhood Perception in Bar Charts. In Proceedings of the 2019 CHI Conference on Human Factors in Computing Systems (pp. 1-12).",https://dl.acm.org/doi/abs/10.1145/3290605.3300462,Neighborhood Perception in Bar Charts,Yes,Experiment
"Burlinson, D., Subramanian, K. and Goolkasian, P., 2017. Open vs. Closed Shapes: New Perceptual Categories?. IEEE transactions on visualization and computer graphics, 24(1), pp.574-583.",https://ieeexplore.ieee.org/abstract/document/8019826/,Open vs Closed Shapes: New Perceptual Categories?,Yes,Experiment
"Wang, Y., Chen, X., Ge, T., Bao, C., Sedlmair, M., Fu, C.W., Deussen, O. and Chen, B., 2018. Optimizing color assignment for perception of class separability in multiclass scatterplots. IEEE transactions on visualization and computer graphics, 25(1), pp.820-829.",https://ieeexplore.ieee.org/abstract/document/8440853/,Optimizing Color Assignment for Perception of Class Separability in Multiclass Scatterplots,Yes,Hybrid
"Bujack, R., Turton, T.L., Rogers, D.H. and Ahrens, J.P., 2018, October. Ordering Perceptions about Perceptual Order. In 2018 IEEE Scientific Visualization Conference (SciVis) (pp. 32-36). IEEE.",https://ieeexplore.ieee.org/abstract/document/8823772/,Ordering Perceptions about Perceptual Order,Yes,Theory
"Johansson, J., Forsell, C., Lind, M. and Cooper, M., 2008. Perceiving patterns in parallel coordinates: determining thresholds for identification of relationships. Information Visualization, 7(2), pp.152-162.",https://journals.sagepub.com/doi/abs/10.1057/palgrave.ivs.9500166?casa_token=wDBAegRq3HEAAAAA:h1gDx7cEk7zxtEvzNLA_sPdOXqD6W_g-AnEX6hK4Rfv8FyEqZxSGsg8JGGjkCw9iAkCe7SKxlCVFNw,Perceiving Patterns in Parallel Coordinates: Determining Thresholds for Identification of Relationships,No,
"Gleicher, M., Correll, M., Nothelfer, C. and Franconeri, S., 2013. Perception of average value in multiclass scatterplots. IEEE transactions on visualization and computer graphics, 19(12), pp.2316-2325.",https://ieeexplore.ieee.org/abstract/document/6634120/,Perception of average value in multiclass scatterplots,Yes,Experiment
"Godau, C., Vogelgesang, T. and Gaschler, R., 2016. Perception of bar graphs - A biased impression?. Computers in Human Behavior, 59, pp.67-73.",https://www.sciencedirect.com/science/article/pii/S0747563216300449,Perception of bar graphs - A biased impression?,Yes,Experiment
"Etemadpour, R., Motta, R., de Souza Paiva, J.G., Minghim, R., de Oliveira, M.C.F. and Linsen, L., 2014. Perception-based evaluation of projection methods for multidimensional data visualization. IEEE transactions on visualization and computer graphics, 21(1), pp.81-94.",https://ieeexplore.ieee.org/abstract/document/6832613/,Perception-based Evaluation of Projection Methods for Multidimensional Data Visualization,No,
"Alexander, E., Chang, C.C., Shimabukuro, M., Franconeri, S., Collins, C. and Gleicher, M., 2017. Perceptual biases in font size as a data encoding. IEEE transactions on visualization and computer graphics, 24(8), pp.2397-2410.",https://ieeexplore.ieee.org/abstract/document/7968319/,Perceptual Biases in Font Size as a Data Encoding,No,
"Kong, N., Heer, J. and Agrawala, M., 2010. Perceptual guidelines for creating rectangular treemaps. IEEE transactions on visualization and computer graphics, 16(6), pp.990-998.",https://ieeexplore.ieee.org/abstract/document/5613436/,Perceptual Guidelines for Creating Rectangular Treemaps,Yes,Experiment
"Mylavarapu, P., Yalcin, A., Gregg, X. and Elmqvist, N., 2019, May. Ranked-List Visualization: A Graphical Perception Study. In Proceedings of the 2019 CHI Conference on Human Factors in Computing Systems (pp. 1-12).",https://dl.acm.org/doi/abs/10.1145/3290605.3300422,Ranked-List Visualization: A Graphical Perception Study,Yes,Experiment
"Harrison, L., Yang, F., Franconeri, S. and Chang, R., 2014. Ranking visualizations of correlation using weber's law. IEEE transactions on visualization and computer graphics, 20(12), pp.1943-1952.",https://ieeexplore.ieee.org/abstract/document/6875978/,Ranking Visualizations of Correlation Using Weber's Law,Yes,Experiment
"Skau, D. and Kosara, R., 2017, June. Readability and precision in pictorial bar charts. In Proceedings of the Eurographics/IEEE VGTC Conference on Visualization: Short Papers (pp. 91-95). Eurographics Association.",https://dl.acm.org/citation.cfm?id=3308587,Readability and Precision in Pictorial Bar Charts,Yes,Experiment
"Zacks, J., Levy, E., Tversky, B. and Schiano, D.J., 1998. Reading bar graphs: Effects of extraneous depth cues and graphical context. Journal of experimental psychology: Applied, 4(2), p.119.",https://psycnet.apa.org/record/1998-02319-003,Reading bar graphs: Effects of extraneous depth cues and graphical context,No,
"Correll, M. and Heer, J., 2017, May. Regression by eye: Estimating trends in bivariate visualizations. In Proceedings of the 2017 CHI Conference on Human Factors in Computing Systems (pp. 1387-1396).",https://dl.acm.org/doi/abs/10.1145/3025453.3025922,Regression by Eye: Estimating Trends in Bivariate Visualizations,Yes,Experiment
"Ma, Y., Tung, A.K., Wang, W., Gao, X., Pan, Z. and Chen, W., 2018. Scatternet: A deep subjective similarity model for visual analysis of scatterplots. IEEE transactions on visualization and computer graphics.",https://ieeexplore.ieee.org/abstract/document/8490694/,ScatterNet: A Deep Subjective Similarity Model for Visual Analysis of Scatterplots,No,
"Sarikaya, A. and Gleicher, M., 2017. Scatterplots: Tasks, data, and designs. IEEE transactions on visualization and computer graphics, 24(1), pp.402-412.",https://ieeexplore.ieee.org/abstract/document/8017602/,"Scatterplots: Tasks, Data, and Designs                                                                                                                                                                                                        ",Yes,Theory
"Hoque, E. and Agrawala, M., 2019. Searching the Visual Style and Structure of D3 Visualizations. IEEE transactions on visualization and computer graphics, 26(1), pp.1236-1245.",https://ieeexplore.ieee.org/abstract/document/8809832/,Searching the Visual Style and Structure of D3 Visualizations,No,
"Lin, S., Fortuna, J., Kulkarni, C., Stone, M. and Heer, J., 2013, June. Selecting semantically-resonant colors for data visualization. In Computer Graphics Forum (Vol. 32, No. 3pt4, pp. 401-410). Oxford, UK: Blackwell Publishing Ltd.",https://onlinelibrary.wiley.com/doi/abs/10.1111/cgf.12127?casa_token=DQoDf0EAfmoAAAAA:hUzHU4UhTiSOIhX6tFaF47ElFeqAjQji6A7sIst65MnSyAwZoMZ8YtOMU8rxa3VvCsUAtMCnhndbA6mG,Selecting semantically-resonant colors for data visualization,Yes,Hybrid
"Dasgupta, A., Wang, H., O'Brien, N. and Burrows, S., 2019. Separating the wheat from the chaff: Comparative visual cues for transparent diagnostics of competing models. IEEE transactions on visualization and computer graphics, 26(1), pp.1043-1053.",https://ieeexplore.ieee.org/abstract/document/8812989/,Separating the wheat from the chaff: Comparative visual cues for reliable diagnostics of competing models,No,
"Mackinlay, J., Hanrahan, P. and Stolte, C., 2007. Show me: Automatic presentation for visual analysis. IEEE transactions on visualization and computer graphics, 13(6), pp.1137-1144.",https://ieeexplore.ieee.org/abstract/document/4376133/,Showme: Automatic presentation for visual analysis,No,
"Heer, J., Kong, N. and Agrawala, M., 2009, April. Sizing the horizon: the effects of chart size and layering on the graphical perception of time series visualizations. In Proceedings of the SIGCHI conference on human factors in computing systems (pp. 1303-1312).",https://dl.acm.org/doi/abs/10.1145/1518701.1518897,"Sizing the Horizon: The Effects of Chart Size and Layering
on the Graphical Perception of Time Series Visualizations",No,
"Matute, J., Telea, A.C. and Linsen, L., 2017. Skeleton-based scagnostics. IEEE transactions on visualization and computer graphics, 24(1), pp.542-552.",https://ieeexplore.ieee.org/abstract/document/8017649/,Skeleton-based Scagnostics,Yes,Hybrid
"Liu, Y. and Heer, J., 2018, April. Somewhere over the rainbow: An empirical assessment of quantitative colormaps. In Proceedings of the 2018 CHI Conference on Human Factors in Computing Systems (pp. 1-12).",https://dl.acm.org/doi/abs/10.1145/3173574.3174172,Somewhere Over the Rainbow: An Empirical Assessment of Quantitative Colormaps,Yes,Experiment
"Saket, B., Endert, A. and Demiralp, Ç., 2018. Task-based effectiveness of basic visualizations. IEEE transactions on visualization and computer graphics, 25(7), pp.2505-2512.",https://ieeexplore.ieee.org/abstract/document/8354901/,Task-Based Effectiveness of Basic Visualizations,Yes,Experiment
"Albers, D., Correll, M. and Gleicher, M., 2014, April. Task-driven evaluation of aggregation in time series visualization. In Proceedings of the SIGCHI Conference on Human Factors in Computing Systems (pp. 551-560).",https://dl.acm.org/doi/abs/10.1145/2556288.2557200,Task-driven Evaluation of Aggregation in Time Series Visualization,Yes,Experiment
"Spence, I., 2004. The apparent and effective dimensionality of representations of objects. Human factors, 46(4), pp.738-747.",https://journals.sagepub.com/doi/abs/10.1518/hfes.46.4.738.56809?casa_token=tCO4XiAxlHMAAAAA:EXj4ShjRHkw_C6F3Fc1xax6Mb-2PTtzktuQpObiN0qaJxY-r9yhcqURwGrVMSacD1rWQdL5_WxuwYg,The Apparent and Effective Dimensionality of Representations of Objects,No,
"Bartram, L., Cheung, B. and Stone, M., 2011. The effect of colour and transparency on the perception of overlaid grids. IEEE Transactions on Visualization and Computer Graphics, 17(12), pp.1942-1948.",https://ieeexplore.ieee.org/abstract/document/6064957/,The Effect of Colour and Transparency on the Perception of Overlaid Grids,No,
"Liu, X. and Shen, H.W., 2015, April. The effects of representation and juxtaposition on graphical perception of matrix visualization. In Proceedings of the 33rd annual ACM conference on Human factors in computing systems (pp. 269-278).",https://dl.acm.org/doi/abs/10.1145/2702123.2702217,The Effects of Representation and Juxtaposition on Graphical Perception of Matrix Visualization,No,
"Bujack, R., Turton, T.L., Samsel, F., Ware, C., Rogers, D.H. and Ahrens, J., 2017. The good, the bad, and the ugly: A theoretical framework for the assessment of continuous colormaps. IEEE transactions on visualization and computer graphics, 24(1), pp.923-933.",https://ieeexplore.ieee.org/abstract/document/8017653/,"The Good, the Bad, and the Ugly: A Theoretical Framework for the Assessment of Continuous Colormaps",Yes,Theory
"Kosara, R., 2019. The Impact of Distribution and Chart Type on Part-to-Whole Comparisons. In 21st Eurographics Conference on Visualization, EuroVis 2019-Short Papers.",https://diglib.eg.org/bitstream/handle/10.2312/evs20191162/007-011.pdf?sequence=1&isAllowed=y,The Impact of Distribution and Chart Type on Part-to-Whole Comparisons,Yes,Experiment
"Rensink, R. A., & Baldridge, G. (2010, June). The perception of correlation in scatterplots. In Computer Graphics Forum (Vol. 29, No. 3, pp. 1203-1210). Oxford, UK: Blackwell Publishing Ltd.",https://onlinelibrary.wiley.com/doi/10.1111/j.1467-8659.2009.01694.x,The Perception of Correlation in Scatterplots,Yes,Hybrid
"Soni, U., Lu, Y., Hansen, B., Purchase, H.C., Kobourov, S. and Maciejewski, R., 2018, June. The perception of graph properties in graph layouts. In Computer Graphics Forum (Vol. 37, No. 3, pp. 169-181).",https://onlinelibrary.wiley.com/doi/abs/10.1111/cgf.13410?casa_token=FSu5HhRRsnQAAAAA:IpMlfRHDd-Fr4aihO-fLI7V7VaoF5k1nzn_kk7TQWpGdW2YzGW4Mz2jZDxFydEcgUiBJc7VrvUYwGQbf,The Perception of Graph Properties in Graph Layouts,No,
"Doherty, M.E., Anderson, R.B., Angott, A.M. and Klopfer, D.S., 2007. The perception of scatterplots. Perception & Psychophysics, 69(7), pp.1261-1272.",https://link.springer.com/article/10.3758/BF03193961,The perception of scatterplots,Yes,Experiment
"Jardine, N., Ondov, B.D., Elmqvist, N. and Franconeri, S., 2019. The Perceptual Proxies of Visual Comparison. IEEE transactions on visualization and computer graphics, 26(1), pp.1012-1021.",https://ieeexplore.ieee.org/abstract/document/8807320/,The Perceptual Proxies of Visual Comparison,No,
"Gramazio, C.C., Schloss, K.B. and Laidlaw, D.H., 2014. The relation between visualization size, grouping, and user performance. IEEE transactions on visualization and computer graphics, 20(12), pp.1953-1962.",https://ieeexplore.ieee.org/abstract/document/6875989/,"The relation between visualization size, grouping, and user performance",Yes,Experiment
"Walker, J., Borgo, R. and Jones, M.W., 2015. TimeNotes: a study on effective chart visualization and interaction techniques for time-series data. IEEE transactions on visualization and computer graphics, 22(1), pp.549-558.",https://ieeexplore.ieee.org/abstract/document/7192735/,TimeNotes: A Study on Effective Chart Visualization and Interaction Techniques for Time-Series Data,No,
"Ware, C., 2008. Toward a perceptual theory of flow visualization. IEEE Computer Graphics and Applications, 28(2), pp.6-11.",https://ieeexplore.ieee.org/abstract/document/4459858/,Toward a Perceptual Theory of Flow Visualization,No,
"Aupetit, M., Sedlmair, M., Abbas, M.M., Baggag, A. and Bensmail, H., 2019, October. Toward Perception-Based Evaluation of Clustering Techniques for Visual Analytics. In 2019 IEEE Visualization Conference (VIS) (pp. 141-145). IEEE.",https://ieeexplore.ieee.org/abstract/document/8933620/,Toward Perception-Based Evaluation of Clustering Techniques for Visual Analytics,No,
"L'Yi, S., Chang, Y., Shin, D. and Seo, J., 2019, June. Toward Understanding Representation Methods in Visualization Recommendations through Scatterplot Construction Tasks. In Computer Graphics Forum (Vol. 38, No. 3, pp. 201-211).",https://onlinelibrary.wiley.com/doi/abs/10.1111/cgf.13682?casa_token=wK0T59tUM1MAAAAA:WQSzpotbYM-RrH1QkdO-mwXBhgY7EPlwJGitLFGqoFFX4g8kDTQbVE-RQRUGnnZ3fkyM2GLuqL2K_4nI,Toward Understanding Representation Methods in Visualization Recommendations through Scatterplot Construction Tasks,No,
"Weng, D., Chen, R., Deng, Z., Wu, F., Chen, J. and Wu, Y., 2018. Srvis: Towards better spatial integration in ranking visualization. IEEE transactions on visualization and computer graphics, 25(1), pp.459-469.",https://ieeexplore.ieee.org/abstract/document/8456575/,Towards Better Spatial Integration in Ranking Visualization,No,
"Micallef, L., Palmas, G., Oulasvirta, A. and Weinkauf, T., 2017. Towards perceptual optimization of the visual design of scatterplots. IEEE transactions on visualization and computer graphics, 23(6), pp.1588-1599.",https://ieeexplore.ieee.org/abstract/document/7864468/,Towards Perceptual Optimization of the Visual Design of Scatterplots,Yes,Hybrid
"Pandey, A.V., Krause, J., Felix, C., Boy, J. and Bertini, E., 2016, May. Towards understanding human similarity perception in the analysis of large sets of scatter plots. In Proceedings of the 2016 CHI Conference on Human Factors in Computing Systems (pp. 3659-3669).",https://dl.acm.org/doi/abs/10.1145/2858036.2858155,Towards Understanding Human Similarity Perception in the Analysis of Large Sets of Scatter Plots,Yes,Hybrid
"Kuang, X., Zhang, H., Zhao, S. and McGuffin, M.J., 2012, June. Tracing tuples across dimensions: A comparison of scatterplots and parallel coordinate plots. In Computer Graphics Forum (Vol. 31, No. 3pt4, pp. 1365-1374). Oxford, UK: Blackwell Publishing Ltd.",https://onlinelibrary.wiley.com/doi/abs/10.1111/j.1467-8659.2012.03129.x?casa_token=saxznSaRktUAAAAA:SKIaK-91X-n3VKY1mCyENxzVUZQexSaI0vf7Hvliud0eyGRd-cW_dFRfQQyhO6l2glkb-aQA9VFBBKCU,Tracing Tuples Across Dimensions: A Comparison of Scatterplots and Parallel Coordinate Plots,No,
"Correll, M., Bertini, E. and Franconeri, S., 2019. Truncating the Y-Axis: Threat or Menace?. arXiv preprint arXiv:1907.02035.",https://arxiv.org/abs/1907.02035,Truncating the Y-Axis: Threat or Menace?,Yes,Experiment
"Strahan, R.F. and Hansen, C.J., 1978. Underestimating correlation from scatterplots. Applied Psychological Measurement, 2(4), pp.543-550.",https://journals.sagepub.com/doi/abs/10.1177/014662167800200409,Underestimating Correlation from Scatterplots,Yes,Experiment
"Kobsa, A., 2004, October. User experiments with tree visualization systems. In IEEE Symposium on Information Visualization (pp. 9-16). IEEE.",https://ieeexplore.ieee.org/abstract/document/1382885/,User Experiments with Tree Visualization Systems,No,
"Spence, I., Kutlesa, N. and Rose, D.L., 1999. Using color to code quantity in spatial displays. Journal of Experimental Psychology: Applied, 5(4), p.393.",https://psycnet.apa.org/journals/xap/5/4/393/,Using color to code quantity in spatial displays,No,
"Blascheck, T., John, M., Kurzhals, K., Koch, S. and Ertl, T., 2015. VA 2: a visual analytics approach for evaluating visual analytics applications. IEEE transactions on visualization and computer graphics, 22(1), pp.61-70.",https://ieeexplore.ieee.org/abstract/document/7192649/,VA2: A Visual Analytics Approach for Evaluating Visual Analytics Applications,No,
"Stasko, J., 2014, November. Value-driven evaluation of visualizations. In Proceedings of the Fifth Workshop on Beyond Time and Errors: Novel Evaluation Methods for Visualization (pp. 46-53).",https://dl.acm.org/doi/abs/10.1145/2669557.2669579,Value-Driven Evaluation of Visualizations,No,
"Satyanarayan, A., Moritz, D., Wongsuphasawat, K. and Heer, J., 2016. Vega-lite: A grammar of interactive graphics. IEEE transactions on visualization and computer graphics, 23(1), pp.341-350.",https://ieeexplore.ieee.org/abstract/document/7539624/,Vega-Lite: A Grammar of Interactive Graphics,No,
"Arbesser, C., Spechtenhauser, F., Muhlbacher, T. and Piringer, H., 2016. Visplause: Visual data quality assessment of many time series using plausibility checks. IEEE transactions on visualization and computer graphics, 23(1), pp.641-650.",https://ieeexplore.ieee.org/abstract/document/7536111/,Visplause: Visual Data Quality Assessment of Many Time Series Using Plausibility Checks,No,
"Badam, S.K., Mathisen, A., Radle, R., Klokmose, C.N. and Elmqvist, N., 2018. Vistrates: A component model for ubiquitous analytics. IEEE transactions on visualization and computer graphics, 25(1), pp.586-596.",https://ieeexplore.ieee.org/abstract/document/8440803/,Vistrates: A Component Model for Ubiquitous Analytics,No,
"Redmond, S., 2019, October. Visual cues in estimation of part-to-whole comparisons. In 2019 IEEE Visualization Conference (VIS) (pp. 1-5). IEEE.",https://ieeexplore.ieee.org/abstract/document/8933718/,Visual cues in estimation of part-to-whole comparison,Yes,Experiment
"Siirtola, H., Laivo, T., Heimonen, T. and Raiha, K.J., 2009, July. Visual perception of parallel coordinate visualizations. In 2009 13th International Conference Information Visualisation (pp. 3-9). IEEE.",https://ieeexplore.ieee.org/abstract/document/5190777/,Visual Perception of Parallel Coordinate ,No,
"Fu, X., Wang, Y., Dong, H., Cui, W. and Zhang, H., 2019, October. Visualization Assessment: A Machine Learning Approach. In 2019 IEEE Visualization Conference (VIS) (pp. 126-130). IEEE.",https://ieeexplore.ieee.org/abstract/document/8933570/,Visualization Assessment: A Machine Learning Approach,No,
"Brehmer, M., Lee, B., Isenberg, P., & Choe, E. K. (2018). Visualizing ranges over time on mobile phones: a task-based crowdsourced evaluation. IEEE transactions on visualization and computer graphics, 25(1), 619-629.",https://ieeexplore.ieee.org/document/8440812,Visualizing Ranges over Time on Mobile Phones: A Task-based Crowdsourced Evaluation,No,
"Hu, K., Bakker, M.A., Li, S., Kraska, T. and Hidalgo, C., 2019, May. Vizml: A machine learning approach to visualization recommendation. In Proceedings of the 2019 CHI Conference on Human Factors in Computing Systems (pp. 1-12).",https://dl.acm.org/doi/abs/10.1145/3290605.3300358,VizML: A Machine Learning Approach to Visualization Recommendation,No,
"Wongsuphasawat, K., Qu, Z., Moritz, D., Chang, R., Ouk, F., Anand, A., Mackinlay, J., Howe, B. and Heer, J., 2017, May. Voyager 2: Augmenting visual analysis with partial view specifications. In Proceedings of the 2017 CHI Conference on Human Factors in Computing Systems (pp. 2648-2659).",https://dl.acm.org/doi/abs/10.1145/3025453.3025768,Voyager 2: Augmenting Visual Analysis with Partial View Specifications,No,
"Wongsuphasawat, K., Moritz, D., Anand, A., Mackinlay, J., Howe, B. and Heer, J., 2015. Voyager: Exploratory analysis via faceted browsing of visualization recommendations. IEEE transactions on visualization and computer graphics, 22(1), pp.649-658.",https://ieeexplore.ieee.org/abstract/document/7192728/,Voyager: Exploratory Analysis via Faceted Browsing of Visualization Recommendations,No,
"Srinivasan, A., Brehmer, M., Lee, B. and Drucker, S.M., 2018, April. What's the Difference? Evaluating Variations of Multi-Series Bar Charts for Visual Comparison Tasks. In Proceedings of the 2018 CHI Conference on Human Factors in Computing Systems (pp. 1-12).",https://dl.acm.org/doi/abs/10.1145/3173574.3173878,What's the Difference?: Evaluating Variations of Multi-Series Bar Charts for Visual Comparison Tasks,Yes,Experiment
